player_id,username,nome,titulo,avatar,url,seguidores,pais,data_entrada,status,is_streamer,verificado,origem
15448422,hikaru,Hikaru Nakamura,GM,https://images.chesscomfiles.com/uploads/v1/user/15448422.88c010c1.200x200o.3c5619f5441e.png,https://www.chess.com/member/Hikaru,1371813,US,2014-01-06,premium,True,False,chess.com
34145346,denlaz,Denis Lazavik,GM,https://images.chesscomfiles.com/uploads/v1/user/34145346.088fe903.200x200o.497edc350e6a.webp,https://www.chess.com/member/DenLaz,1398,BY,2017-03-21,premium,False,False,chess.com
3889224,magnuscarlsen,Magnus Carlsen,GM,https://images.chesscomfiles.com/uploads/v1/user/3889224.121e2094.200x200o.361c2f8a59c2.jpg,https://www.chess.com/member/MagnusCarlsen,281034,NO,2010-08-26,premium,False,False,chess.com
28692936,rpragchess,Praggnanandhaa Rameshbabu,GM,https://images.chesscomfiles.com/uploads/v1/user/28692936.02da0bac.200x200o.d0b1b8f66ac2.jpg,https://www.chess.com/member/rpragchess,12457,IN,2016-06-19,premium,False,False,chess.com
50386860,gurelediz,Ediz Gürel,GM,https://images.chesscomfiles.com/uploads/v1/user/50386860.8f4bcdc7.200x200o.52a55edd9e84.jpg,https://www.chess.com/member/gurelediz,6092,TR,2018-10-04,premium,False,False,chess.com
30366824,gmwso,Wesley So,GM,https://images.chesscomfiles.com/uploads/v1/user/30366824.22d6b1f8.200x200o.bf8ce3f933fc.jpg,https://www.chess.com/member/GMWSO,10729,US,2016-10-13,premium,False,False,chess.com
33903360,sibelephant,Vladislav Artemiev,GM,https://images.chesscomfiles.com/uploads/v1/user/33903360.eba9f5a2.200x200o.578bfd0b2e17.jpeg,https://www.chess.com/member/Sibelephant,3018,RU,2017-03-12,premium,False,False,chess.com
7195919,nihalsarin,Nihal Sarin,GM,https://images.chesscomfiles.com/uploads/v1/user/7195919.159050ca.200x200o.883e75faf64e.jpg,https://www.chess.com/member/nihalsarin,20070,IN,2012-04-05,premium,True,False,chess.com
17860442,mishanick,Aleksei Sarana,GM,https://images.chesscomfiles.com/uploads/v1/user/17860442.d25fa08e.200x200o.81d6cc6b6581.png,https://www.chess.com/member/mishanick,2379,RS,2014-06-28,premium,False,False,chess.com
42022994,firouzja2003,Alireza Firouzja,GM,https://images.chesscomfiles.com/uploads/v1/user/42022994.2c7a0722.200x200o.3088f5180d8d.jpg,https://www.chess.com/member/Firouzja2003,30614,FR,2018-01-05,premium,False,False,chess.com
88920388,hansontwitch,Hans Niemann,GM,,https://www.chess.com/member/HansOnTwitch,5772,US,2020-08-12,premium,False,False,chess.com
47485766,polish_fighter3000,Jan-Krzysztof Duda,GM,https://images.chesscomfiles.com/uploads/v1/user/47485766.de241c41.200x200o.7b706ebf58e7.jpeg,https://www.chess.com/member/Polish_fighter3000,8542,PL,2018-06-29,premium,False,False,chess.com
207852275,philippians46,Andy Woodward,GM,https://images.chesscomfiles.com/uploads/v1/user/207852275.b5fd5b9c.200x200o.2658380fdb00.png,https://www.chess.com/member/Philippians46,1985,US,2022-11-21,premium,False,False,chess.com
35895346,mykola-bortnyk,Mykola Bortnyk,IM,https://images.chesscomfiles.com/uploads/v1/user/35895346.3571bef9.200x200o.a1ca3885e2f9.png,https://www.chess.com/member/Mykola-Bortnyk,2286,US,2017-05-29,premium,False,False,chess.com
330779979,javokhir_sindarov05,Javokhir Sindarov,GM,https://images.chesscomfiles.com/uploads/v1/user/330779979.94d8134b.200x200o.1e0c8c8f4314.jpg,https://www.chess.com/member/Javokhir_Sindarov05,779,UZ,2023-12-06,premium,False,False,chess.com
52129472,spicycaterpillar,Ray Robson,GM,https://images.chesscomfiles.com/uploads/v1/user/52129472.c1bdd2d7.200x200o.30201b8ea497.jpeg,https://www.chess.com/member/spicycaterpillar,3163,US,2018-11-21,premium,False,False,chess.com
93593240,vi_pranav,Pranav V,GM,https://images.chesscomfiles.com/uploads/v1/user/93593240.10fc5f09.200x200o.d1f519160672.jpg,https://www.chess.com/member/vi_pranav,1803,IN,2020-10-21,premium,False,False,chess.com
76811198,twitch_elhamblitz05,Elham Amar,GM,,https://www.chess.com/member/Twitch_ElhamBlitz05,1001,NO,2020-04-15,premium,False,False,chess.com
11474230,jefferyx,Jeffery Xiong,GM,https://images.chesscomfiles.com/uploads/v1/user/11474230.1802ddb7.200x200o.60d5d5608100.jpeg,https://www.chess.com/member/jefferyx,2696,US,2013-04-11,premium,True,False,chess.com
108520120,nikotheodorou,Nikolas Theodorou,GM,https://images.chesscomfiles.com/uploads/v1/user/108520120.b86cc966.200x200o.d85a0c84f2ae.jpg,https://www.chess.com/member/NikoTheodorou,13846,GR,2020-12-31,premium,False,False,chess.com
17306408,lyonbeast,Maxime Vachier-Lagrave,GM,https://images.chesscomfiles.com/uploads/v1/user/17306408.203effc9.200x200o.34baf459f6b7.jpg,https://www.chess.com/member/LyonBeast,15054,FR,2014-05-15,premium,True,False,chess.com
8829034,konavets,Sam Sevian,GM,https://images.chesscomfiles.com/uploads/v1/user/8829034.6d90a567.200x200o.60d12a06fdce.jpeg,https://www.chess.com/member/Konavets,1306,US,2012-09-08,premium,False,False,chess.com
55724226,artooon,Pranesh M,GM,https://images.chesscomfiles.com/uploads/v1/user/55724226.0ba82cd8.200x200o.daac4ae34c55.jpeg,https://www.chess.com/member/artooon,1646,XX,2019-01-09,premium,False,False,chess.com
57142804,artin10862,Artin Ashraf,FM,https://images.chesscomfiles.com/uploads/v1/user/57142804.9f5d4a92.200x200o.4a3156e37f5c.jpg,https://www.chess.com/member/artin10862,899,TR,2019-02-09,premium,False,False,chess.com
429108043,sina-movahed,Sina Movahed,GM,https://images.chesscomfiles.com/uploads/v1/user/429108043.5d448809.200x200o.329b40742875.jpg,https://www.chess.com/member/Sina-Movahed,564,IR,2025-02-14,premium,False,False,chess.com
39098776,micki-taryan,Haik Martirosyan,GM,https://images.chesscomfiles.com/uploads/v1/user/39098776.eca167eb.200x200o.8e8ab1d48856.jpg,https://www.chess.com/member/Micki-taryan,870,AM,2017-10-01,premium,False,False,chess.com
11177810,fabianocaruana,Fabiano Caruana,GM,https://images.chesscomfiles.com/uploads/v1/user/11177810.9dfc8d31.200x200o.9a9eccebc07c.png,https://www.chess.com/member/FabianoCaruana,22559,US,2013-03-17,premium,False,False,chess.com
294649525,robert_angier,Konstantin Popov,IM,https://images.chesscomfiles.com/uploads/v1/user/294649525.7e5337dc.200x200o.3a7678fb4c83.jpg,https://www.chess.com/member/Robert_Angier,123,XX,2023-06-19,premium,False,False,chess.com
61085366,raunaksadhwani2005,Raunak Sadhwani,GM,https://images.chesscomfiles.com/uploads/v1/user/61085366.7e6977ec.200x200o.fa27239336b6.jpeg,https://www.chess.com/member/RaunakSadhwani2005,2113,IN,2019-05-17,premium,True,False,chess.com
12709942,chesswarrior7197,Nodirbek Abdusattorov,GM,https://images.chesscomfiles.com/uploads/v1/user/12709942.6e2e1d11.200x200o.ac217f38d8b4.png,https://www.chess.com/member/ChessWarrior7197,4802,UZ,2013-07-14,premium,False,False,chess.com
43194690,vincentkeymer,Vincent Keymer,GM,https://images.chesscomfiles.com/uploads/v1/user/43194690.01e2e420.200x200o.5b2983036718.jpeg,https://www.chess.com/member/VincentKeymer,3683,DE,2018-02-10,premium,False,False,chess.com
26897358,grischuk,Alexander Grischuk,GM,https://images.chesscomfiles.com/uploads/v1/user/26897358.10f64fa8.200x200o.634d3db4ddc2.jpeg,https://www.chess.com/member/Grischuk,7557,RU,2016-02-24,premium,False,False,chess.com
32230490,parhamov,Parham Maghsoodloo,GM,https://images.chesscomfiles.com/uploads/v1/user/32230490.26c10df6.200x200o.7bb7031c30e8.jpg,https://www.chess.com/member/Parhamov,5756,IR,2017-01-08,premium,False,False,chess.com
492781159,f1_and_chess,David Kaufman,IM,,https://www.chess.com/member/F1_and_Chess,19,US,2025-10-16,premium,False,False,chess.com
69192934,dropstonedp,David Paravyan,GM,https://images.chesscomfiles.com/uploads/v1/user/69192934.19df0418.200x200o.5839b2717eb5.jpeg,https://www.chess.com/member/dropstoneDP,934,RU,2019-12-11,premium,False,False,chess.com
26897402,levonaronian,Levon Aronian,GM,https://images.chesscomfiles.com/uploads/v1/user/26897402.07482c01.200x200o.aafdac4f4570.jpeg,https://www.chess.com/member/LevonAronian,6502,US,2016-02-24,premium,False,False,chess.com
21232844,msb2,Matthias Bluebaum,GM,,https://www.chess.com/member/Msb2,1302,DE,2015-02-23,premium,False,False,chess.com
20718020,ghandeevam2003,Arjun Erigaisi,GM,https://images.chesscomfiles.com/uploads/v1/user/20718020.b93b0dad.200x200o.ce63c2b5ea24.jpeg,https://www.chess.com/member/GHANDEEVAM2003,5517,IN,2015-01-20,premium,False,False,chess.com
137706882,baku_boulevard,Rauf Mamedov,GM,https://images.chesscomfiles.com/uploads/v1/user/137706882.0ca988e2.200x200o.e0649ae91b4c.jpeg,https://www.chess.com/member/Baku_Boulevard,597,UA,2021-04-28,premium,False,False,chess.com
27168196,salem-ar,Salem AR Saleh,GM,https://images.chesscomfiles.com/uploads/v1/user/27168196.a7e8c448.200x200o.5971d272bf8c.jpg,https://www.chess.com/member/Salem-AR,3661,AE,2016-03-10,premium,False,False,chess.com
16938404,wonderfultime,Tuan Minh Le,GM,https://images.chesscomfiles.com/uploads/v1/user/16938404.edc37b62.200x200o.404676e7dc47.webp,https://www.chess.com/member/wonderfultime,9779,VN,2014-04-17,premium,True,False,chess.com
10767030,andreikka,Andrey Esipenko,GM,https://images.chesscomfiles.com/uploads/v1/user/10767030.b20746db.200x200o.6172f1b0095c.jpg,https://www.chess.com/member/Andreikka,3349,RU,2013-02-10,premium,False,False,chess.com
39249762,volodar_murzin,Volodar Murzin,GM,https://images.chesscomfiles.com/uploads/v1/user/39249762.7e30c1dc.200x200o.a41083f165a5.jpeg,https://www.chess.com/member/Volodar_Murzin,569,XX,2017-10-07,premium,False,False,chess.com
80994690,faustinooro,Faustino Oro,IM,https://images.chesscomfiles.com/uploads/v1/user/80994690.b4cf9a71.200x200o.14ae099ead7c.jpg,https://www.chess.com/member/FaustinoOro,7060,AR,2020-05-30,premium,False,False,chess.com
30887540,bogdandeac,Bogdan Daniel Deac,GM,,https://www.chess.com/member/BogdanDeac,4772,RO,2016-11-13,premium,False,False,chess.com
49788594,pursuitofhappyness2,Abhimanyu Mishra,GM,https://images.chesscomfiles.com/uploads/v1/user/49788594.25ff3d86.200x200o.4a9380e9fd18.png,https://www.chess.com/member/PursuitOfHappyness2,1435,US,2018-09-15,premium,False,False,chess.com
44760408,chessfighter_2011,Dau Khuong Duy,IM,https://images.chesscomfiles.com/uploads/v1/user/44760408.7e2bb432.200x200o.32acd45c00e9.jpg,https://www.chess.com/member/ChessFighter_2011,1545,VN,2018-03-29,premium,False,False,chess.com
55544800,shield12,Shamsiddin Vokhidov,GM,,https://www.chess.com/member/Shield12,1114,UZ,2019-01-05,premium,False,False,chess.com
28417564,lachesisq,Ian Nepomniachtchi,GM,https://images.chesscomfiles.com/uploads/v1/user/28417564.288cde61.200x200o.d3c0bb1c1afd.jpg,https://www.chess.com/member/lachesisQ,16400,RU,2016-05-30,premium,True,False,chess.com
30836974,jumbo,Rinat Jumabayev,GM,https://images.chesscomfiles.com/uploads/v1/user/30836974.73be56b8.200x200o.40c4c523ae13.jpg,https://www.chess.com/member/Jumbo,1009,KZ,2016-11-10,premium,False,False,chess.com
6083387,manudavid2910,Manu David,FM,https://images.chesscomfiles.com/uploads/v1/user/6083387.7db47bc1.200x200o.0634c485076c.jpg,https://www.chess.com/member/ManuDavid2910,18466,IN,2011-11-07,premium,False,False,chess.com
26824392,gutovandrey,Andrey Gutov,GM,https://images.chesscomfiles.com/uploads/v1/user/26824392.45f76f42.200x200o.2bca585e3e36.jpeg,https://www.chess.com/member/GutovAndrey,25638,US,2016-02-20,premium,False,False,chess.com
57549096,seanwinshand,Sean Winshand,GM,https://images.chesscomfiles.com/uploads/v1/user/57549096.b48504be.200x200o.4f2d0efb44bb.jpg,https://www.chess.com/member/SeanWinshand,3922,ID,2019-02-19,premium,False,False,chess.com
11650164,lpsupi,Luis Paulo Supi,GM,https://images.chesscomfiles.com/uploads/v1/user/11650164.da85056d.200x200o.67d7a22a745d.jpeg,https://www.chess.com/member/LPSupi,12458,BR,2013-04-25,premium,True,False,chess.com
48066110,evandro_barbosa,Evandro Amorim Barbosa,GM,https://images.chesscomfiles.com/uploads/v1/user/48066110.f26beab9.200x200o.7c294c6679b3.jpeg,https://www.chess.com/member/Evandro_Barbosa,4048,BR,2018-07-21,premium,True,False,chess.com
44629086,gigaquparadze,Giga Quparadze,GM,https://images.chesscomfiles.com/uploads/v1/user/44629086.18a299eb.200x200o.41e140ad6097.jpeg,https://www.chess.com/member/GigaQuparadze,1948,GE,2018-03-25,premium,False,False,chess.com
27300798,lovevae,Wei Yi,GM,https://images.chesscomfiles.com/uploads/v1/user/27300798.d45796b6.200x200o.1368393c5c7f.jpeg,https://www.chess.com/member/LOVEVAE,1727,CN,2016-03-18,premium,False,False,chess.com
284620627,chasing_checkmate,Corey Acor,FM,https://images.chesscomfiles.com/uploads/v1/user/284620627.9662414f.200x200o.feb828eca821.jpg,https://www.chess.com/member/Chasing_Checkmate,318,US,2023-05-12,premium,False,False,chess.com
338103933,lethalspider7,,,,https://www.chess.com/member/lethalspider7,31,NO,2024-01-10,basic,False,False,chess.com
51248978,yachen_03,,,https://images.chesscomfiles.com/uploads/v1/user/51248978.f652705a.200x200o.5e907b97d9e5.jpg,https://www.chess.com/member/Yachen_03,36,IM,2018-10-29,premium,False,False,chess.com
51123018,swiss_fighter,Gabriel Gähwiler,IM,,https://www.chess.com/member/Swiss_Fighter,150,CH,2018-10-25,premium,False,False,chess.com
62925986,g3god,Sasikiran Krishnan,GM,,https://www.chess.com/member/g3god,381,IN,2019-07-03,premium,False,False,chess.com
14074142,christopheryoo,Christopher Woojin Yoo,GM,,https://www.chess.com/member/ChristopherYoo,7637,TV,2013-10-27,premium,False,False,chess.com
1355607,gmkrikor,Krikor Sevag Mekhitarian,GM,https://images.chesscomfiles.com/uploads/v1/user/1355607.267b4f2b.200x200o.4cb2d1952100.jpeg,https://www.chess.com/member/GMKrikor,43500,BR,2008-04-12,staff,True,False,chess.com
26352834,berardino,Diego Berardino,IM,https://images.chesscomfiles.com/uploads/v1/user/26352834.823a8d50.200x200o.4c32f681357e.png,https://www.chess.com/member/Berardino,2449,BR,2016-01-26,premium,False,False,chess.com
23579934,reader777,Read Samadov,IM,https://images.chesscomfiles.com/uploads/v1/user/23579934.435e3768.200x200o.3916fc4666f3.jpeg,https://www.chess.com/member/Reader777,168,AZ,2015-08-08,premium,False,False,chess.com
49308476,szparu,Miłosz Szpar,GM,https://images.chesscomfiles.com/uploads/v1/user/49308476.f296b7aa.200x200o.5f2c2dc46ff8.png,https://www.chess.com/member/Szparu,888,PL,2018-08-31,premium,True,False,chess.com
406113149,liindseeyy,,,https://images.chesscomfiles.com/uploads/v1/user/406113149.2170f75d.200x200o.b61089e9b7f4.png,https://www.chess.com/member/Liindseeyy,38,FR,2024-11-30,basic,False,False,chess.com
1784023,kacparov,Kacper Drozdowski,IM,https://images.chesscomfiles.com/uploads/v1/user/1784023.7763d589.200x200o.5bc4233aef8a.jpeg,https://www.chess.com/member/Kacparov,6211,PL,2009-02-23,premium,False,False,chess.com
30494226,amintabatabaei,Amin Tabatabaei,GM,https://images.chesscomfiles.com/uploads/v1/user/30494226.99d3ab53.200x200o.59863e92ff4b.jpg,https://www.chess.com/member/amintabatabaei,1746,IR,2016-10-20,premium,False,False,chess.com
157440329,aoitsukibluemoon,Wang Hao,GM,https://images.chesscomfiles.com/uploads/v1/user/157440329.5a7d3617.200x200o.e72d8642a1e2.jpeg,https://www.chess.com/member/Aoitsukibluemoon,119,JP,2021-10-09,premium,False,False,chess.com
3958391,gmbenjaminbok,Benjamin Bok,GM,https://images.chesscomfiles.com/uploads/v1/user/3958391.1ca1273c.200x200o.b3509401e9cf.jpeg,https://www.chess.com/member/GMBenjaminBok,21713,NL,2010-09-10,premium,True,False,chess.com
70572670,deechess123,,,,https://www.chess.com/member/deechess123,30,IN,2020-01-10,basic,False,False,chess.com
152868735,wqws,Kaivalya Sandip Nagare,FM,,https://www.chess.com/member/wqws,88,IN,2021-08-30,premium,False,False,chess.com
11511066,elefante33,Felipe El Debs,GM,https://images.chesscomfiles.com/uploads/v1/user/11511066.cf78393c.200x200o.0eca23131651.jpeg,https://www.chess.com/member/elefante33,2134,BR,2013-04-13,premium,False,False,chess.com
28234198,sargsyan_shant,Shant Sargsyan,GM,https://images.chesscomfiles.com/uploads/v1/user/28234198.2be8ab34.200x200o.3b8860366115.jpg,https://www.chess.com/member/Sargsyan_Shant,116,AM,2016-05-17,premium,False,False,chess.com
75631914,sahibsinghknight,Sahib Singh,IM,https://images.chesscomfiles.com/uploads/v1/user/75631914.86abd2d6.200x200o.bb1d3fdf5ae3.jpeg,https://www.chess.com/member/SahibSinghKnight,511,IN,2020-04-04,premium,False,False,chess.com
23879414,gmalmeida,Omar Almeida Quintana,GM,https://images.chesscomfiles.com/uploads/v1/user/23879414.86119a71.200x200o.f0aefd0cdba5.jpeg,https://www.chess.com/member/GMALMEIDA,121,CU,2015-08-29,premium,False,False,chess.com
26735280,astralpulse,Alex Goldin,GM,,https://www.chess.com/member/astralpulse,142,US,2016-02-15,premium,False,False,chess.com
37419240,elnur_mehtiyev,Elnur Mehtiyev,,https://images.chesscomfiles.com/uploads/v1/user/37419240.ddb20430.200x200o.9ef5aa0acf0d.jpeg,https://www.chess.com/member/Elnur_Mehtiyev,63,AZ,2017-07-30,basic,False,False,chess.com
371633593,kazuko-chan,Luna (Xiaowen) Cao,,https://images.chesscomfiles.com/uploads/v1/user/371633593.ab013513.200x200o.17b51e0c3cf1.jpg,https://www.chess.com/member/kazuko-chan,430,JP,2024-06-24,basic,False,False,chess.com
188604399,foxontherun97,Ondrej Toman,FM,https://images.chesscomfiles.com/uploads/v1/user/188604399.620a4674.200x200o.15cdb8840dad.jpg,https://www.chess.com/member/FoxOnTheRun97,125,CZ,2022-07-01,premium,False,False,chess.com
55969800,chessmatenokk17,Sergey And. Korshunov,FM,https://images.chesscomfiles.com/uploads/v1/user/55969800.3d2a6fa7.200x200o.090a119c7062.jpg,https://www.chess.com/member/Chessmatenokk17,59,RU,2019-01-14,premium,False,False,chess.com
2295334,grandmastergauri,Gauri Shankar,IM,https://images.chesscomfiles.com/uploads/v1/user/2295334.73f7eb58.200x200o.84b80eedfc9c.jpeg,https://www.chess.com/member/grandmastergauri,726,US,2009-11-12,premium,False,False,chess.com
3978224,zenzo,Armen Proudian,FM,https://images.chesscomfiles.com/uploads/v1/user/3978224.bf373225.200x200o.138451b06615.jpeg,https://www.chess.com/member/Zenzo,657,BR,2010-09-14,premium,False,False,chess.com
65338422,dual_flurry,Jerad Docena,IM,,https://www.chess.com/member/dual_flurry,135,PH,2019-09-10,premium,False,False,chess.com
502840905,d6stronk,Bartosz Przybylski,FM,https://images.chesscomfiles.com/uploads/v1/user/502840905.bf5010c2.200x200o.7adab6d63fa2.jpg,https://www.chess.com/member/d6stronk,19,PL,2025-11-21,premium,False,False,chess.com
4083321,tapuah,Ilya Smirin,GM,https://images.chesscomfiles.com/uploads/v1/user/4083321.a05d5ef2.200x200o.3f6dddd743a7.jpeg,https://www.chess.com/member/Tapuah,5159,IL,2010-10-06,premium,False,False,chess.com
58985560,hamelekh,eyal deutsch,IM,https://images.chesscomfiles.com/uploads/v1/user/58985560.00f4fb26.200x200o.9e72cbfd6825.jpeg,https://www.chess.com/member/hamelekh,118,IL,2019-03-25,premium,False,False,chess.com
440178829,svr_2100khmym2k,,,,https://www.chess.com/member/SVR_2100KHMYM2K,1,ES,2025-03-27,basic,False,False,chess.com
1973757,sanyi9,Sanyi,,,https://www.chess.com/member/Sanyi9,37,HU,2009-06-14,premium,False,False,chess.com
490664473,fernanjoel111762,,,,https://www.chess.com/member/fernanjoel111762,4,PH,2025-10-09,basic,False,False,chess.com
55667092,wotgenie,Marcel Petersen,CM,https://images.chesscomfiles.com/uploads/v1/user/55667092.b3eb0462.200x200o.59bd3d605004.jpeg,https://www.chess.com/member/Wotgenie,75,DE,2019-01-08,premium,False,False,chess.com
66246790,liamputnam2008,Liam Putnam,IM,https://images.chesscomfiles.com/uploads/v1/user/66246790.01e0ba2c.200x200o.fdaa257a68fe.jpg,https://www.chess.com/member/LiamPutnam2008,3301,US,2019-10-03,premium,False,False,chess.com
342500227,ntphuc1122,,,https://images.chesscomfiles.com/uploads/v1/user/342500227.1aea4f3c.200x200o.ad1f6c0fa53a.jpg,https://www.chess.com/member/ntphuc1122,206,VN,2024-02-01,premium,False,False,chess.com
109315520,alexboy14,Oleksii Nakonechnyi,CM,https://images.chesscomfiles.com/uploads/v1/user/109315520.e768e154.200x200o.3d2e3ad62eb8.jpg,https://www.chess.com/member/alexboy14,21,UA,2021-01-03,premium,False,False,chess.com
8879438,djamir,Amir Hossein Jamshidi,FM,https://images.chesscomfiles.com/uploads/v1/user/8879438.7df319de.200x200o.736313554603.jpeg,https://www.chess.com/member/djamir,701,IR,2012-09-12,premium,False,False,chess.com
465636602,arkadiikhromaev,,,https://images.chesscomfiles.com/uploads/v1/user/465636602.a1090b7d.200x200o.ebd78ec3ca88.jpg,https://www.chess.com/member/ArkadiiKhromaev,145,XO,2025-07-09,premium,False,False,chess.com
156574447,shadowking71,James Chirilov,FM,https://images.chesscomfiles.com/uploads/v1/user/156574447.3a5f84aa.200x200o.5df91856bab9.png,https://www.chess.com/member/ShadowKing71,934,AG,2021-10-01,premium,True,False,chess.com
490142287,qopy01,,,https://images.chesscomfiles.com/uploads/v1/user/490142287.af8e235e.200x200o.8ed55c71d382.jpg,https://www.chess.com/member/Qopy01,19,TR,2025-10-07,premium,False,False,chess.com
147561215,badfarma07,,,https://images.chesscomfiles.com/uploads/v1/user/147561215.20520474.200x200o.5d31537919a3.jpg,https://www.chess.com/member/Badfarma07,277,US,2021-07-11,premium,False,False,chess.com
8344034,penguingm1,Andrew Tang,GM,https://images.chesscomfiles.com/uploads/v1/user/8344034.afe06124.200x200o.bcc27fc3d0b3.gif,https://www.chess.com/member/penguingm1,9912,US,2012-07-27,premium,False,False,chess.com
2555939,chessbrah,Chessbrah TV,GM,https://images.chesscomfiles.com/uploads/v1/user/2555939.974bf39b.200x200o.b79b105ffb0e.png,https://www.chess.com/member/ChessBrah,25828,CA,2010-02-16,premium,True,False,chess.com
26867272,jospem,Jose Martinez,GM,https://images.chesscomfiles.com/uploads/v1/user/26867272.0496c4fd.200x200o.89ccc5145ecc.jpg,https://www.chess.com/member/Jospem,33329,MX,2016-02-22,premium,True,False,chess.com
26572336,zhigalko_sergei,Sergei Zhigalko,GM,https://images.chesscomfiles.com/uploads/v1/user/26572336.93bb4ad6.200x200o.baa9688f1b6f.jpeg,https://www.chess.com/member/Zhigalko_Sergei,2090,XX,2016-02-07,premium,False,False,chess.com
28168290,oleksandr_bortnyk,Oleksandr Bortnyk,GM,https://images.chesscomfiles.com/uploads/v1/user/28168290.451f25f9.200x200o.8f240686cf4e.jpg,https://www.chess.com/member/Oleksandr_Bortnyk,14269,US,2016-05-13,premium,True,False,chess.com
302890559,boburjon314159,,,https://images.chesscomfiles.com/uploads/v1/user/302890559.825945ee.200x200o.742a33d9e87c.jpg,https://www.chess.com/member/Boburjon314159,50,NO,2023-07-30,basic,False,False,chess.com
69197334,riley,KJ Honey,,https://images.chesscomfiles.com/uploads/v1/user/69197334.45ea7a13.200x200o.cf7a49b01af2.jpg,https://www.chess.com/member/Riley,6164,BR,2019-12-11,premium,False,False,chess.com
73320100,0gzpanda,Anthony He,IM,https://images.chesscomfiles.com/uploads/v1/user/73320100.1d4e560c.200x200o.b8fd2b3db995.png,https://www.chess.com/member/0gZPanda,586,US,2020-03-10,premium,False,False,chess.com
34493616,blackmind96,Amir Mohammad Hamidi,FM,https://images.chesscomfiles.com/uploads/v1/user/34493616.3fd976d8.200x200o.259d0bda56c5.jpeg,https://www.chess.com/member/Blackmind96,6978,IR,2017-04-03,premium,False,False,chess.com
301895675,theystolemysanity,,,,https://www.chess.com/member/TheyStoleMySanity,7,XX,2023-07-25,basic,False,False,chess.com
21261922,miterryble,Renato Terry,IM,,https://www.chess.com/member/MITerryble,5747,XX,2015-02-25,premium,True,False,chess.com
43499854,tactic,Kent Slate,NM,https://images.chesscomfiles.com/uploads/v1/user/43499854.e7c64b0e.200x200o.3eaa576c08c3.webp,https://www.chess.com/member/tactic,702,XX,2018-02-19,premium,False,False,chess.com
47092728,mitrabhaa,Mitrabha Guha,GM,https://images.chesscomfiles.com/uploads/v1/user/47092728.33d4b6ed.200x200o.e21b735a39a2.jpeg,https://www.chess.com/member/mitrabhaa,1726,IN,2018-06-14,premium,True,False,chess.com
37620822,judenyc,Jude Dude,,https://images.chesscomfiles.com/uploads/v1/user/37620822.67352eda.200x200o.4c2a60f9db2d.jpg,https://www.chess.com/member/judenyc,553,NO,2017-08-07,premium,False,False,chess.com
158597961,elfangm2,Elbert Fang,NM,https://images.chesscomfiles.com/uploads/v1/user/158597961.406ead1e.200x200o.f3002dd4baf2.webp,https://www.chess.com/member/Elfangm2,203,US,2021-10-20,premium,False,False,chess.com
51814804,wk_willianhille,Willian Henrique Hille,NM,https://images.chesscomfiles.com/uploads/v1/user/51814804.220a2601.200x200o.655b1852060d.jpg,https://www.chess.com/member/WK_WillianHille,2031,BR,2018-11-13,premium,False,False,chess.com
5081249,littleplotkin,Mark Plotkin,IM,https://images.chesscomfiles.com/uploads/v1/user/5081249.6e61c86a.200x200o.5b315cc56f53.jpeg,https://www.chess.com/member/littleplotkin,1493,CA,2011-05-05,premium,False,False,chess.com
48765560,kingofthenil,Mahel Boyer,GM,https://images.chesscomfiles.com/uploads/v1/user/48765560.81ea3488.200x200o.2a3526585307.webp,https://www.chess.com/member/kingofthenil,291,FR,2018-08-14,premium,False,False,chess.com
47102936,yavrukurt40,Dincer Tasdogen,FM,,https://www.chess.com/member/yavrukurt40,249,TR,2018-06-14,premium,False,False,chess.com
341886071,worriedegg,Aaron Jacobson,IM,,https://www.chess.com/member/WorriedEgg,108,US,2024-01-29,premium,False,False,chess.com
22639240,platy3,Alan Pichot,GM,https://images.chesscomfiles.com/uploads/v1/user/22639240.1da8984e.200x200o.b0b696b8f6da.jpg,https://www.chess.com/member/platy3,2788,ES,2015-06-01,premium,False,False,chess.com
23583280,bocah_sakit,Novendra Priasmoro,GM,https://images.chesscomfiles.com/uploads/v1/user/23583280.893f9b8e.200x200o.44731b8321f9.jpeg,https://www.chess.com/member/bocah_sakit,626,ID,2015-08-08,premium,False,False,chess.com
55213504,dolphin_2010,Aleksandr Usov,FM,,https://www.chess.com/member/Dolphin_2010,33,RU,2018-12-28,premium,False,False,chess.com
